"","HFbin","N","meddist","IQR"
"1","High",176,97.5459144618836,6.32192834669677
"2","Int.",69,50.6238637,4.4217215
"3","Low",566,0,0
